City Name,Zone Name,Ward Name,Ward No.,Area (in sq km),Total Population (in thousands),Population - Male (in thousands),Population - female (in thousands),population - children aged 0-14 (in thousands),Population - youth aged 15-24 (in thousands),Population - adults aged 25-60 (in thousands),Population - Senior citizens aged 60+ (in thousands)
Tumakuru,Tumakuru,Ward 1,Ward 1,9.9043,5394,2752,2642,627,NA,NA,NA
Tumakuru,Tumakuru,Ward 2,Ward 2,342.5,9287,4330,4957,1009,NA,NA,NA
Tumakuru,Tumakuru,Ward 3,Ward 3,291.51,11568,6212,5356,1054,NA,NA,NA
Tumakuru,Tumakuru,Ward 4,Ward 4,26.61,4663,2295,2368,539,NA,NA,NA
Tumakuru,Tumakuru,Ward 5,Ward 5,30.45,9822,4877,4945,763,NA,NA,NA
Tumakuru,Tumakuru,Ward 6,Ward 6,594.79,7835,4017,3818,797,NA,NA,NA
Tumakuru,Tumakuru,Ward 7,Ward 7,79.72,6855,3436,3419,730,NA,NA,NA
Tumakuru,Tumakuru,Ward 8,Ward 8,44.32,5377,2641,2736,745,NA,NA,NA
Tumakuru,Tumakuru,Ward 9,Ward 9,119.85,6657,3041,3616,650,NA,NA,NA
Tumakuru,Tumakuru,Ward 10,Ward 10,65.18,9980,5078,4902,1297,NA,NA,NA
Tumakuru,Tumakuru,Ward 11,Ward 11,434.95,17079,8726,8353,2032,NA,NA,NA
Tumakuru,Tumakuru,Ward 12,Ward 12,22.02,7165,3582,3583,1118,NA,NA,NA
Tumakuru,Tumakuru,Ward 13,Ward 13,22.58,5688,2871,2817,929,NA,NA,NA
Tumakuru,Tumakuru,Ward 14,Ward 14,56.75,7996,3906,4090,788,NA,NA,NA
Tumakuru,Tumakuru,Ward 15,Ward 15,93.35,8192,3730,4462,506,NA,NA,NA
Tumakuru,Tumakuru,Ward 16,Ward 16,68.43,8128,4074,4054,727,NA,NA,NA
Tumakuru,Tumakuru,Ward 17,Ward 17,39.63,4785,2345,2420,482,NA,NA,NA
Tumakuru,Tumakuru,Ward 18,Ward 18,70.93,12481,6350,6131,1189,NA,NA,NA
Tumakuru,Tumakuru,Ward 19,Ward 19,50.37,8286,4146,4140,820,NA,NA,NA
Tumakuru,Tumakuru,Ward 20,Ward 20,89.37,8189,4164,4025,803,NA,NA,NA
Tumakuru,Tumakuru,Ward 21,Ward 21,146.23,9086,4696,4390,657,NA,NA,NA
Tumakuru,Tumakuru,Ward 22,Ward 22,140.76,4961,2502,2459,455,NA,NA,NA
Tumakuru,Tumakuru,Ward 23,Ward 23,446.64,6646,3428,3218,669,NA,NA,NA
Tumakuru,Tumakuru,Ward 24,Ward 24,68.75,9536,4883,4653,705,NA,NA,NA
Tumakuru,Tumakuru,Ward 25,Ward 25,54.65,6734,3706,3028,346,NA,NA,NA
Tumakuru,Tumakuru,Ward 26,Ward 26,56.45,12004,6064,5940,830,NA,NA,NA
Tumakuru,Tumakuru,Ward 27,Ward 27,80.84,9184,5295,3889,496,NA,NA,NA
Tumakuru,Tumakuru,Ward 28,Ward 28,79.7,7004,3546,3458,884,NA,NA,NA
Tumakuru,Tumakuru,Ward 29,Ward 29,198.91,11265,5713,5552,1395,NA,NA,NA
Tumakuru,Tumakuru,Ward 30,Ward 30,191.85,14846,7465,7381,1013,NA,NA,NA
Tumakuru,Tumakuru,Ward 31,Ward 31,260.68,13798,7034,6764,1238,NA,NA,NA
Tumakuru,Tumakuru,Ward 32,Ward 32,123.83,7906,4021,3885,638,NA,NA,NA
Tumakuru,Tumakuru,Ward 33,Ward 33,62.36,9128,4642,4486,903,NA,NA,NA
Tumakuru,Tumakuru,Ward 34,Ward 34,146.58,6221,3148,3073,624,NA,NA,NA
Tumakuru,Tumakuru,Ward 35,Ward 35,358.93,8259,4190,4069,700,NA,NA,NA
