City Name,Month -Year,Monthly mean/average concentration - PM2.5,Monthly mean concentration - PM10,Monthly mean concentration - NO2,Monthly mean concentration - SO2,Monthly mean concentration - O3,No of AQM Sensors / Environmental sensors deployed
TUMAKURU,Dec-18,NA,NA,NA,NA,NA,NA
TUMAKURU,Nov-18,NA,Na,NA,NA,NA,NA
TUMAKURU,Oct-18,NA,97,33,BDL,NA,NA
TUMAKURU,Sep-18,NA,79,29,BDL,NA,NA
TUMAKURU,Aug-18,NA,73,31,BDL,NA,NA
TUMAKURU,Jul-18,NA,63,30,BDL,NA,NA
TUMAKURU,Jun-18,NA,82,28,BDL,NA,NA
TUMAKURU,May-18,NA,53,30,BDL,NA,NA
TUMAKURU,Apr-18,NA,56,32,BDL,NA,NA
TUMAKURU,Mar-18,NA,107,31,BDL,NA,NA
TUMAKURU,Feb-18,NA,128,30,BDL,NA,NA
TUMAKURU,Jan-18,NA,131,31,BDL,NA,NA
TUMAKURU,Dec-17,NA,91,31,BDL,NA,NA
TUMAKURU,Nov-17,NA,98,32,BDL,NA,NA
TUMAKURU,Oct-17,NA,100,32,BDL,NA,NA
TUMAKURU,Sep-17,NA,108,31,BDL,NA,NA
TUMAKURU,Aug-17,NA,110,32,BDL,NA,NA
TUMAKURU,Jul-17,NA,100,31,BDL,NA,NA
TUMAKURU,Jun-17,NA,100,30,BDL,NA,NA
TUMAKURU,May-17,NA,110,37,BDL,NA,NA
TUMAKURU,Apr-17,56,110,28,BDL,NA,NA
TUMAKURU,Mar-17,61,115,30,BDL,NA,NA
TUMAKURU,Feb-17,56,110,29,BDL,NA,NA
TUMAKURU,Jan-17,NA,110,35,BDL,NA,NA
