City Name,Zone Name,Ward Name,Ward  No ,Type: Community Hall / Auditorium / Convention Center / Swimming Pools / Sports Ground / Theatre,Facility Name,Capacity (wherever applicable)
TUMAKURU,TUMAKURU,2,2,Convention Center,H K S Kalyana mantapa,700
TUMAKURU,TUMAKURU,3,3,Convention Center,Thirumala Kalyana mantapa,800
TUMAKURU,TUMAKURU,3,3,Convention Center,Bhavi katte Kalyana mantapa,1000
TUMAKURU,TUMAKURU,3,3,Community Hall,Shree Rajaram bhavan ,500
TUMAKURU,TUMAKURU,4,4,Convention Center,Vasavavi Kalyana mantapa,300
TUMAKURU,TUMAKURU,4,4,Convention Center,Veerabhadraswamy Kalyana mantapa,100
TUMAKURU,TUMAKURU,4,4,Convention Center,Padmamba Kalyana mantapa,100
TUMAKURU,TUMAKURU,4,4,Convention Center,Sardar Palace,100
TUMAKURU,TUMAKURU,4,4,Convention Center,Diamond Palace,150
TUMAKURU,TUMAKURU,4,4,Convention Center,G K Conention hall,150
TUMAKURU,TUMAKURU,4,4,Convention Center,Tirumala Kalyana mantapa,400
TUMAKURU,TUMAKURU,5,5,Community Hall,Jain Bhavan,300
TUMAKURU,TUMAKURU,6,6,Convention Center,Bandimane Kalyana mantapa,800
TUMAKURU,TUMAKURU,6,6,Convention Center,Ganapati Kalyana mantapa,300
TUMAKURU,TUMAKURU,6,6,Convention Center,A S Palace ,700
TUMAKURU,TUMAKURU,7,7,Convention Center,J K Convention Center,350
TUMAKURU,TUMAKURU,8,8,Convention Center,Safa Kalyana mantapa,300
TUMAKURU,TUMAKURU,8,8,Theatre,Maruthi Theatre,500
TUMAKURU,TUMAKURU,9,9,Convention Center,Gaviranga Kalyana mantapa,1000
TUMAKURU,TUMAKURU,9,9,Convention Center,Rayal Palace,4000
TUMAKURU,TUMAKURU,9,9,Community Hall,"Community hall, jaipura",100
TUMAKURU,TUMAKURU,9,9,Community Hall,"Community hall, Heggade colony",100
TUMAKURU,TUMAKURU,11,11,Convention Center,"Dhanish
Convention Center",500
TUMAKURU,TUMAKURU,12,12,Convention Center,Essra Shaadi mahal,300-400
TUMAKURU,TUMAKURU,13,13,Convention Center,Dhaanah palace,800-1000
TUMAKURU,TUMAKURU,13,13,Convention Center,Star Convention hall,800-1000
TUMAKURU,TUMAKURU,14,14,Convention Center,Veerashaiva Kalyana mantapa,1000
TUMAKURU,TUMAKURU,14,14,Community Hall,Shree Siddi Vinayaka Samudaya Bhavan,1000
TUMAKURU,TUMAKURU,14,14,Community Hall,Akkamahadevi Society,500
TUMAKURU,TUMAKURU,14,14,Theatre,Prashanth Theatre,100
TUMAKURU,TUMAKURU,14,14,Theatre,Jai Bharath Theatre,100
TUMAKURU,TUMAKURU,14,14,Auditorium,Govt Hospital ground,350
TUMAKURU,TUMAKURU,14,14,Auditorium,Gubbi Veeranna Kalakshetra,500
TUMAKURU,TUMAKURU,15,15,Community Hall,Mahaveer Community Hall,800-1000
TUMAKURU,TUMAKURU,15,15,Theatre,Gayatri Theatre,800
TUMAKURU,TUMAKURU,15,15,Swimming  Pool,Swimming  Pool (Tumkur Club),NA
TUMAKURU,TUMAKURU,15,15,Sport ground ,Govt High School ground,NA
TUMAKURU,TUMAKURU,16,16,Convention Center,Nandhi Convention hall,300-500
TUMAKURU,TUMAKURU,16,16,Community Hall,Kunchitiga Community Hall,1500-2000
TUMAKURU,TUMAKURU,16,16,Convention Center,Shrungeri Shree Shankar Matt ,500-800
TUMAKURU,TUMAKURU,16,16,Convention Center,Karibasaveswra Convention Hall,300-500
TUMAKURU,TUMAKURU,17,17,Convention Center,Bheereshwara Convention hall,300-400
TUMAKURU,TUMAKURU,19,19,Sport ground ,Mahathma Gandhi Stadium,NA
TUMAKURU,TUMAKURU,19,19,Community Hall,KEB Community hall,500
TUMAKURU,TUMAKURU,19,19,Convention Center,Hotel association bhavan,500
TUMAKURU,TUMAKURU,19,19,Community Hall,Sacred Heart community hall,200
TUMAKURU,TUMAKURU,19,19,Auditorium,Kannada bhavan ,500
TUMAKURU,TUMAKURU,19,19,Auditorium,TUDA glass house at Tumkur Amanikere,2000
TUMAKURU,TUMAKURU,19,19,Community Hall,NR colony Community hall,100
TUMAKURU,TUMAKURU,20,20,Convention Center,SLN Convention hall,300-500
TUMAKURU,TUMAKURU,20,20,Community Hall,Dalita chalavadi Community hal,200
TUMAKURU,TUMAKURU,21,21,Convention Center,Kollapuradamma Samudaya bhavan,1000
TUMAKURU,TUMAKURU,21,21,Convention Center,Maruthi Convention hall (mini party hall),100
TUMAKURU,TUMAKURU,21,21,Convention Center,Shree Manjunatha Kalyana mantapa,800
TUMAKURU,TUMAKURU,22,22,Convention Center,The Royal Convention hall,200
TUMAKURU,TUMAKURU,22,22,Community Hall,Chagan lal Jain Bhavan,400
TUMAKURU,TUMAKURU,23,23,Community Hall,Arcade mini hall,200
TUMAKURU,TUMAKURU,24,24,Community Hall,SPP Party hal (mini),100
TUMAKURU,TUMAKURU,25,25,Community Hall,Suvarna Hall,150
TUMAKURU,TUMAKURU,25,25,Community Hall,Shree Gayathri Community hall,100
TUMAKURU,TUMAKURU,25,25,Community Hall,Shivalasya Hall,120
TUMAKURU,TUMAKURU,26,26,Convention Center,Siddeswara Kalyana mantapa,750
TUMAKURU,TUMAKURU,26,26,Community Hall,Grand server party hall,200
TUMAKURU,TUMAKURU,28,28,Convention Center,Gayatri Kalyana mantapa,500-800
TUMAKURU,TUMAKURU,28,28,Convention Center,Vishalakshamma Kalyana mantapa,500
TUMAKURU,TUMAKURU,28,28,Convention Center,Utsav Kalyana mantapa,1000
TUMAKURU,TUMAKURU,28,28,Convention Center,RNS Kalyana mantapa,1000
TUMAKURU,TUMAKURU,28,28,Theatre,Mylara Theatre,350
TUMAKURU,TUMAKURU,29,29,Convention Center,Muktamba Kalyana mantapa,500-800
TUMAKURU,TUMAKURU,30,30,Community Hall,GSS Samudaya Bhavan,250-300
TUMAKURU,TUMAKURU,30,30,Swimming  Pool,Siroli Swimming Pool,40 Individual per batch
TUMAKURU,TUMAKURU,31,31,Community Hall,V S Sabha Bhavan ,200
TUMAKURU,TUMAKURU,31,31,Community Hall,Lotus Party hal,100
TUMAKURU,TUMAKURU,31,31,Convention Center,Sri Sai Convention hall,100
TUMAKURU,TUMAKURU,32,32,Convention Center,RTP Convention hall,300
TUMAKURU,TUMAKURU,32,32,Convention Center,Sri Sai Ac Convention hall,500
TUMAKURU,TUMAKURU,33,33,Community Hall,Balaji Sabha bhavan,200
TUMAKURU,TUMAKURU,34,34,Convention Center,DNDS Conention hall,1000
TUMAKURU,TUMAKURU,34,34,Convention Center,Nagarathnamma Rudraiah Kalyana Mantapa,400
TUMAKURU,TUMAKURU,35,35,Community Hall,Basava Bhavan ,200
TUMAKURU,TUMAKURU,35,35,Convention Center,Chandana Marriage hall,400
