City Name,Total No. of Live Births (in Thousands)-2013-14,Total No. of Live Births (in Thousands)-2014-15,Total No. of Live Births (in Thousands)-2015-16,Total No. of Live Births (in Thousands)-2016-17,Total No. of Live Births (in Thousands)-2017-18,No. of Deaths - Total (in Thousands)-2013-14,No. of Deaths - Total (in Thousands)-2014-15,No. of Deaths - Total (in Thousands)-2015-16,No. of Deaths - Total (in Thousands)-2016-17,No. of Deaths - Total (in Thousands)-2017-18,No. of Deaths - Male (in Thousands)-2013-14,No. of Deaths - Male (in Thousands)-2014-15,No. of Deaths - Male (in Thousands)-2015-16,No. of Deaths - Male (in Thousands)-2016-17,No. of Deaths - Male (in Thousands)-2017-18,No. of Deaths - Female (in Thousands)-2013-14,No. of Deaths - Female (in Thousands)-2014-15,No. of Deaths - Female (in Thousands)-2015-16,No. of Deaths - Female (in Thousands)-2016-17,No. of Deaths - Female (in Thousands)-2017-18,No. of Deaths - Infants (0-1 year) (in Thousands)-2013-14,No. of Deaths - Infants (0-1 year) (in Thousands)-2014-15,No. of Deaths - Infants (0-1 year) (in Thousands)-2015-16,No. of Deaths - Infants (0-1 year) (in Thousands)-2016-17,No. of Deaths - Infants (0-1 year) (in Thousands)-2017-18,No. of Deaths - Children (1-5 years) (in Thousands)-2013-14,"No. of Deaths - Children (1-5 years)
(in Thousands)-2014-15","No. of Deaths - Children (1-5 years)
(in Thousands)-2015-16","No. of Deaths - Children (1-5 years)
(in Thousands)-2016-17","No. of Deaths - Children (1-5 years)
(in Thousands)-2017-18",No. of Deaths - age above 5 years (in Thousands)-2013-14,"No. of Deaths - age above 5 years
 (in Thousands)-2014-15","No. of Deaths - age above 5 years
 (in Thousands)-2015-16","No. of Deaths - age above 5 years
 (in Thousands)-2016-17","No. of Deaths - age above 5 years
 (in Thousands)-2017-18"
Tumakuru,7951,8161,8757,8075,7088,2158,2010,2177,2201,2128,1381,1228,1372,1394,1276,777,782,805,807,852,38,40,41,21,22,0-3,0-3,0-2,0-1,0-2,2117,1967,2134,2179,2104
