City Name,Zone Name,Ward Name,Ward No.,Total No. of households / establishments,Total no. of households and establishments covered through doorstep collection,HH covered with Source Seggeratation 
TUMKUR,TUMKUR,ward 1,1,1995,1995,300
TUMKUR,TUMKUR,ward 2,2,2374,2374,504
TUMKUR,TUMKUR,ward 3,3,2059,2059,650
TUMKUR,TUMKUR,ward 4,4,2178,2178,554
TUMKUR,TUMKUR,ward 5,5,2148,2148,342
TUMKUR,TUMKUR,ward 6,6,3980,3980,450
TUMKUR,TUMKUR,ward 7,7,2309,2309,398
TUMKUR,TUMKUR,ward 8,8,1653,1653,409
TUMKUR,TUMKUR,ward 9,9,2354,2354,234
TUMKUR,TUMKUR,ward 10,10,1925,1925,245
TUMKUR,TUMKUR,ward 11,11,3358,3358,345
TUMKUR,TUMKUR,ward 12,12,3358,3358,409
TUMKUR,TUMKUR,ward 13,13,2542,2542,456
TUMKUR,TUMKUR,ward 14,14,3098,3098,1239
TUMKUR,TUMKUR,ward 15,15,1826,1826,908
TUMKUR,TUMKUR,ward 16,16,2936,2936,890
TUMKUR,TUMKUR,ward 17,17,2683,2683,434
TUMKUR,TUMKUR,ward 18,18,3046,3046,309
TUMKUR,TUMKUR,ward 19,19,2454,2454,602
TUMKUR,TUMKUR,ward 20,20,2308,2308,450
TUMKUR,TUMKUR,ward 21,21,3145,3145,356
TUMKUR,TUMKUR,ward 22,22,1861,1861,638
TUMKUR,TUMKUR,ward 23,23,2188,2188,308
TUMKUR,TUMKUR,ward 24,24,2778,2778,456
TUMKUR,TUMKUR,ward 25,25,2778,2778,234
TUMKUR,TUMKUR,ward 26,26,2612,2612,432
TUMKUR,TUMKUR,ward 27,27,2034,2034,256
TUMKUR,TUMKUR,ward 28,28,3215,3215,302
TUMKUR,TUMKUR,ward 29,29,2352,2352,245
TUMKUR,TUMKUR,ward 30,30,3276,3276,345
TUMKUR,TUMKUR,ward 31,31,3210,3210,456
TUMKUR,TUMKUR,ward 32,32,2386,2386,665
TUMKUR,TUMKUR,ward 33,33,3134,3134,348
TUMKUR,TUMKUR,ward 34,34,3079,3079,567
TUMKUR,TUMKUR,ward 35,35,2025,2025,452
