City Name,Zone Name,Ward Name,2015-16 - Total No. of Schools (within corporation city limits),2016-17 - Total No. of Schools (within corporation city limits),2017-18 - Total No. of Schools (within corporation city limits),2015-16 - Total No. of School Aged population (age 5+) - Total,2016-17 - Total No. of School Aged population (age 5+) - Total,2017-18 - Total No. of School Aged population (age 5+) - Total,2015-16 - Total No. of School Aged population( age 5+) - Male,2016-17 - Total No. of School Aged population( age 5+) - Male,2017-18 - Total No. of School Aged population( age 5+) - Male,2015-16 - Total No. of School Aged population(5+) - Female,2016-17 - Total No. of School Aged population(5+) - Female,2017-18 - Total No. of School Aged population(5+) - Female,2015-16 - Number of school-aged population enrolled in primary and secondary school - Total (Public schools),2016-17 - Number of school-aged population enrolled in primary and secondary school - Total (Public schools),2017-18 - Number of school-aged population enrolled in primary and secondary school - Total (Public schools),2015-16 - Number of school-aged population enrolled in primary and secondary school - Total (Private Schools),2016-17 - Number of school-aged population enrolled in primary and secondary school - Total (Private Schools),2017-18 - Number of school-aged population enrolled in primary and secondary school - Total (Private Schools),2015-16 - Number of school-aged population enrolled in primary and secondary school - Male,2016-17 - Number of school-aged population enrolled in primary and secondary school - Male,2017-18 - Number of school-aged population enrolled in primary and secondary school - Male,2015-16 - Number of school-aged population enrolled in primary and secondary school - Female,2016-17 - Number of school-aged population enrolled in primary and secondary school - Female,2017-18 - Number of school-aged population enrolled in primary and secondary school - Female,2015-16 - Number of  teachers in primary & secondary schools (Private),2016-17 - Number of  teachers in primary & secondary schools (Private),2017-18 - Number of  teachers in primary & secondary schools (Private),2015-16 - Number of  teachers in primary & secondary schools (Public),2016-17 - Number of  teachers in primary & secondary schools (Public),2017-18 - Number of  teachers in primary & secondary schools (Public)
TUMKUR ,TUMKUR,1,10,10,10,1946,1913,1913,1039,1031,1031,907,882,882,452,355,309,1494,1558,1562,807,855,855,687,703,703,37,39,39,13,13,13
TUMKUR ,TUMKUR,2,7,7,7,1923,1965,1965,1078,1078,1078,845,887,887,1166,1128,1152,757,837,867,404,444,444,353,393,393,19,21,22,24,23,22
TUMKUR ,TUMKUR,3,6,5,6,701,632,632,381,334,334,320,298,298,192,181,179,509,451,485,283,244,244,226,207,207,13,11,12,10,10,9
TUMKUR ,TUMKUR,4,6,6,6,930,908,908,468,464,464,462,444,444,153,136,124,777,772,730,401,406,406,376,366,366,19,19,18,6,6,6
TUMKUR ,TUMKUR,5,4,4,4,342,320,320,172,166,166,170,154,154,342,320,292,0,0,0,0,0,0,0,0,0,0,0,0,12,12,12
TUMKUR ,TUMKUR,6,9,9,9,674,703,703,331,343,343,343,360,360,453,448,572,222,255,167,115,144,144,107,111,111,6,6,5,22,21,20
TUMKUR ,TUMKUR,7,3,3,3,448,416,416,214,206,206,234,210,210,332,309,48,116,107,158,51,49,49,65,58,58,3,3,4,0,0,0
TUMKUR ,TUMKUR,8,6,6,5,570,727,712,324,402,402,246,325,310,201,205,195,369,522,268,215,293,293,154,229,229,9,13,7,18,17,17
TUMKUR ,TUMKUR,9,5,5,5,995,1050,1050,433,501,501,562,549,549,907,941,891,88,109,111,43,58,58,45,51,51,2,3,3,25,25,24
TUMKUR ,TUMKUR,10,10,10,10,1577,1551,1551,665,646,646,912,905,905,633,607,720,944,944,798,419,409,409,525,538,538,24,24,20,8,8,8
TUMKUR ,TUMKUR,11,8,8,7,1179,1128,1128,606,589,589,573,539,539,425,404,397,754,724,666,414,407,407,340,317,317,19,18,17,13,13,12
TUMKUR ,TUMKUR,12,7,7,7,1127,1066,1066,730,682,682,397,384,384,742,686,652,385,380,371,227,221,221,158,159,159,10,10,9,10,10,10
TUMKUR ,TUMKUR,13,13,13,15,2683,2696,2696,1406,1396,1396,1277,1300,1300,976,937,1114,1707,1759,1850,873,872,872,834,887,887,43,44,46,16,16,16
TUMKUR ,TUMKUR,14,9,9,9,2649,2714,2714,1347,1363,1363,1302,1351,1351,1126,1092,1311,1523,1622,1372,805,836,836,718,786,762,38,40,34,0,0,0
TUMKUR ,TUMKUR,15,18,18,21,6242,6375,6375,2897,3009,3009,3345,3366,3366,1959,1939,1869,4283,4436,4588,2119,2217,2117,2164,2219,2100,107,111,114,35,35,34
TUMKUR ,TUMKUR,16,16,15,15,3385,3153,3153,1338,1236,1236,2047,1917,1917,1462,1334,1434,1923,1819,1639,1055,967,967,868,852,852,48,45,41,44,43,42
TUMKUR ,TUMKUR,17,3,3,3,159,189,189,76,91,91,83,98,98,154,183,152,5,6,8,3,4,4,2,2,2,2,2,2,7,7,7
TUMKUR ,TUMKUR,18,5,5,5,964,942,942,470,439,439,494,503,503,601,567,565,363,375,432,133,133,133,230,242,241,9,9,11,0,0,0
TUMKUR ,TUMKUR,19,6,6,7,1749,1881,1881,1087,1157,1157,662,724,724,1232,1341,1365,517,540,373,295,300,275,222,240,232,13,14,9,2,2,2
TUMKUR ,TUMKUR,20,9,9,9,1218,1658,1658,608,890,890,610,768,768,695,667,683,523,991,1122,272,552,552,251,439,439,13,25,28,23,22,21
TUMKUR ,TUMKUR,21,0,0,0,0,0,0,0,0,0,0,0,0,0,0,0,0,0,0,0,0,0,0,0,0,0,0,0,0,0,0
TUMKUR ,TUMKUR,22,7,7,7,1601,1732,1696,854,936,936,747,796,760,245,238,243,1356,1494,1445,732,818,818,624,676,590,34,37,36,3,3,3
TUMKUR ,TUMKUR,23,8,8,6,637,646,646,324,320,320,313,326,326,637,646,603,0,0,0,0,0,0,0,0,0,0,0,0,23,23,22
TUMKUR ,TUMKUR,24,7,7,8,1001,1074,1029,538,579,579,463,495,450,345,344,316,656,730,878,360,398,398,296,332,332,16,18,22,8,8,8
TUMKUR ,TUMKUR,25,9,9,10,1274,1301,1301,648,672,672,626,629,629,18,18,248,1256,1283,1221,642,666,666,614,617,578,31,32,31,2,2,2
TUMKUR ,TUMKUR,26,7,5,5,564,482,482,320,265,265,244,217,217,137,130,131,427,352,385,252,200,200,175,152,152,11,9,10,0,0,0
TUMKUR ,TUMKUR,27,6,6,5,540,545,545,282,283,283,258,262,262,82,79,41,458,466,415,247,248,248,211,218,218,12,12,10,9,9,8
TUMKUR ,TUMKUR,28,7,7,6,1289,1301,1301,700,681,681,589,620,620,427,395,402,862,906,848,472,472,460,390,434,434,22,23,21,12,11,10
TUMKUR ,TUMKUR,29,9,9,10,1197,1526,1502,611,777,777,586,749,725,958,995,894,239,531,650,136,288,288,103,243,243,6,13,16,28,28,28
TUMKUR ,TUMKUR,30,8,8,8,1555,1626,1623,787,840,840,768,786,783,731,726,710,824,900,948,434,483,483,390,417,417,21,23,24,0,0,0
TUMKUR ,TUMKUR,31,4,3,3,541,379,379,302,196,196,239,183,183,230,126,125,311,253,209,181,137,137,130,116,116,8,6,6,6,5,5
TUMKUR ,TUMKUR,32,8,8,8,1060,1175,1175,577,634,634,483,541,541,170,161,137,890,1014,1129,494,552,520,396,462,462,22,25,28,8,7,7
TUMKUR ,TUMKUR,33,6,4,4,649,558,558,372,307,307,277,251,251,77,87,71,572,471,418,337,268,268,235,203,203,14,12,11,5,5,5
TUMKUR ,TUMKUR,34,6,6,6,1984,2430,2300,1093,1375,1375,891,1055,925,1148,1140,1068,836,1290,1358,475,745,718,361,545,545,21,32,34,26,25,24
TUMKUR ,TUMKUR,35,11,11,11,2438,2391,2284,1335,1294,1294,1103,1097,990,325,318,283,2113,2073,1995,1168,1129,1129,945,944,910,53,52,50,10,10,10
